Epoch,Batch,Loss
0,0,13.842971801757812
0,1,11.03636646270752
0,2,11.451427459716797
0,3,10.360190391540527
0,4,11.07801628112793
0,5,10.630109786987305
1,0,9.227370262145996
1,1,9.538496971130371
1,2,8.675618171691895
1,3,8.954236030578613
1,4,9.229764938354492
1,5,9.652799606323242
2,0,8.212910652160645
2,1,7.708581447601318
2,2,8.062568664550781
2,3,8.024003982543945
2,4,7.995223045349121
2,5,8.18564510345459
3,0,7.460247039794922
3,1,7.7280802726745605
3,2,7.261879920959473
3,3,7.189239501953125
3,4,6.147005081176758
3,5,7.00578498840332
4,0,6.465548038482666
4,1,6.21841287612915
4,2,6.675336837768555
4,3,6.095661640167236
4,4,6.800473690032959
4,5,6.23722505569458
5,0,6.67367696762085
5,1,5.868896961212158
5,2,5.585738658905029
5,3,5.960331439971924
5,4,5.870861053466797
5,5,5.092290878295898
6,0,5.629555702209473
6,1,5.483750343322754
6,2,4.9696526527404785
6,3,5.312221050262451
6,4,5.0987443923950195
6,5,4.999343395233154
7,0,4.978308200836182
7,1,5.069971084594727
7,2,4.599972248077393
7,3,4.896301746368408
7,4,4.614023685455322
7,5,4.552163600921631
8,0,4.146944046020508
8,1,4.983918190002441
8,2,4.19091272354126
8,3,4.61032247543335
8,4,3.878117322921753
8,5,4.177401542663574
9,0,4.214764595031738
9,1,3.8089118003845215
9,2,4.276414394378662
9,3,3.62900710105896
9,4,3.7928247451782227
9,5,3.4332680702209473
10,0,3.54571533203125
10,1,3.5110509395599365
10,2,3.566502809524536
10,3,3.810579299926758
10,4,3.234149932861328
10,5,3.5259900093078613
11,0,3.816324472427368
11,1,3.4398574829101562
11,2,3.4509847164154053
11,3,3.2908120155334473
11,4,3.1225996017456055
11,5,3.1333844661712646
12,0,3.5854902267456055
12,1,3.342054605484009
12,2,3.099027156829834
12,3,3.4637985229492188
12,4,3.085325241088867
12,5,3.2254748344421387
13,0,3.368555784225464
13,1,3.050123929977417
13,2,3.4883108139038086
13,3,3.399444341659546
13,4,3.2084293365478516
13,5,2.8561058044433594
14,0,3.1241326332092285
14,1,3.120619773864746
14,2,3.148251533508301
14,3,2.8677611351013184
14,4,2.935698986053467
14,5,3.224349021911621
15,0,2.8685975074768066
15,1,2.8505611419677734
15,2,3.230165719985962
15,3,3.3449301719665527
15,4,2.8102200031280518
15,5,2.697239637374878
16,0,3.336740016937256
16,1,2.7864930629730225
16,2,3.0555572509765625
16,3,2.934324264526367
16,4,2.5633015632629395
16,5,2.677582025527954
17,0,2.8580498695373535
17,1,2.674649715423584
17,2,2.993237257003784
17,3,2.7762832641601562
17,4,2.948265790939331
17,5,3.3164334297180176
18,0,3.048738956451416
18,1,2.958951473236084
18,2,2.9301509857177734
18,3,2.495842933654785
18,4,3.1269278526306152
18,5,2.6745572090148926
19,0,2.6426663398742676
19,1,2.775939464569092
19,2,2.691934585571289
19,3,3.3454408645629883
19,4,2.917997360229492
19,5,2.6412453651428223
20,0,2.8259778022766113
20,1,3.038332939147949
20,2,2.9042086601257324
20,3,2.7056167125701904
20,4,2.9362025260925293
20,5,2.8762199878692627
21,0,2.682772636413574
21,1,2.7441916465759277
21,2,3.09739351272583
21,3,2.8732852935791016
21,4,2.6414365768432617
21,5,2.7840938568115234
22,0,2.8612632751464844
22,1,2.873152732849121
22,2,2.6622891426086426
22,3,2.6886491775512695
22,4,2.656761646270752
22,5,2.7531261444091797
23,0,3.0879440307617188
23,1,2.4859118461608887
23,2,2.8208577632904053
23,3,2.6182405948638916
23,4,2.7133755683898926
23,5,2.829467535018921
24,0,2.6073246002197266
24,1,2.955139636993408
24,2,2.582442283630371
24,3,2.8728456497192383
24,4,3.1120994091033936
24,5,2.682816743850708
25,0,2.6160061359405518
25,1,2.8431661128997803
25,2,2.765350580215454
25,3,2.8724899291992188
25,4,2.764930248260498
25,5,2.817742347717285
26,0,2.806297779083252
26,1,2.6992645263671875
26,2,2.6739096641540527
26,3,3.0324630737304688
26,4,2.6220779418945312
26,5,2.7466306686401367
27,0,2.5304203033447266
27,1,2.730105400085449
27,2,2.6904664039611816
27,3,2.7786622047424316
27,4,2.9035110473632812
27,5,2.8014943599700928
28,0,2.598205089569092
28,1,2.6065919399261475
28,2,3.0105018615722656
28,3,2.744349956512451
28,4,2.7594261169433594
28,5,2.832520008087158
29,0,2.7740490436553955
29,1,2.725663185119629
29,2,2.7841811180114746
29,3,2.69620418548584
29,4,2.766348361968994
29,5,2.5931601524353027
30,0,2.7116501331329346
30,1,2.837258815765381
30,2,2.5638670921325684
30,3,2.7122974395751953
30,4,2.731243133544922
30,5,2.7796030044555664
31,0,2.805324077606201
31,1,2.5829172134399414
31,2,2.4666385650634766
31,3,3.0070242881774902
31,4,2.866372585296631
31,5,2.683128595352173
32,0,2.8395066261291504
32,1,2.970195770263672
32,2,2.6034607887268066
32,3,2.557507276535034
32,4,2.6187262535095215
32,5,3.0626537799835205
33,0,2.6231331825256348
33,1,2.672426462173462
33,2,2.624241352081299
33,3,2.6530137062072754
33,4,2.6284923553466797
33,5,2.67116117477417
34,0,2.65632963180542
34,1,2.750837802886963
34,2,2.747872829437256
34,3,2.6333630084991455
34,4,2.509920597076416
34,5,2.9707231521606445
35,0,2.513503074645996
35,1,2.949720859527588
35,2,2.3891749382019043
35,3,2.7183375358581543
35,4,2.858205795288086
35,5,2.393578052520752
36,0,2.657707929611206
36,1,2.7361416816711426
36,2,2.5536575317382812
36,3,2.544049024581909
36,4,2.9205665588378906
36,5,2.630150318145752
37,0,2.6345133781433105
37,1,2.7563700675964355
37,2,2.5703482627868652
37,3,2.6390700340270996
37,4,2.6862964630126953
37,5,2.5676097869873047
38,0,2.6088342666625977
38,1,2.4332027435302734
38,2,2.7348198890686035
38,3,2.7922165393829346
38,4,2.4702224731445312
38,5,2.533853769302368
39,0,2.6118955612182617
39,1,2.593838691711426
39,2,2.6996400356292725
39,3,2.7346601486206055
39,4,2.523416519165039
39,5,2.698622703552246
40,0,3.057893991470337
40,1,2.4568424224853516
40,2,2.3394012451171875
40,3,2.8024587631225586
40,4,2.379000186920166
40,5,2.500800609588623
41,0,2.6764659881591797
41,1,2.2964158058166504
41,2,2.748403310775757
41,3,2.760261058807373
41,4,2.4797987937927246
41,5,2.314645767211914
42,0,2.492358446121216
42,1,2.5111935138702393
42,2,2.6174540519714355
42,3,2.6193349361419678
42,4,2.649970769882202
42,5,2.624210834503174
43,0,2.5388712882995605
43,1,2.309343099594116
43,2,2.6509621143341064
43,3,2.426612377166748
43,4,2.7561607360839844
43,5,2.5135645866394043
44,0,2.3428468704223633
44,1,2.403355598449707
44,2,2.761570930480957
44,3,2.6936569213867188
44,4,2.4806389808654785
44,5,2.4650139808654785
45,0,2.6632142066955566
45,1,2.705833673477173
45,2,2.4921064376831055
45,3,2.2010045051574707
45,4,2.8289642333984375
45,5,2.5574772357940674
46,0,2.251453161239624
46,1,2.294278621673584
46,2,2.799476146697998
46,3,2.409907817840576
46,4,2.694725751876831
46,5,2.309734344482422
47,0,2.305318832397461
47,1,2.410172939300537
47,2,2.437192440032959
47,3,2.7130701541900635
47,4,2.677497386932373
47,5,2.4647207260131836
48,0,2.4366025924682617
48,1,2.5240235328674316
48,2,2.5956876277923584
48,3,2.5040206909179688
48,4,2.4009766578674316
48,5,2.226803779602051
49,0,2.193342685699463
49,1,2.5305376052856445
49,2,2.179427146911621
49,3,2.478628635406494
49,4,2.4415087699890137
49,5,2.6026482582092285
50,0,2.3185200691223145
50,1,2.5528712272644043
50,2,2.3240489959716797
50,3,2.3461012840270996
50,4,2.4698233604431152
50,5,2.530485153198242
51,0,2.2575716972351074
51,1,2.491950750350952
51,2,2.480193614959717
51,3,2.217322826385498
51,4,2.3514721393585205
51,5,2.2810070514678955
52,0,2.5724968910217285
52,1,2.463366985321045
52,2,2.305844306945801
52,3,2.1578898429870605
52,4,2.489899158477783
52,5,2.4359447956085205
53,0,2.0949296951293945
53,1,2.6851084232330322
53,2,2.5371193885803223
53,3,2.433309316635132
53,4,2.441816806793213
53,5,2.301572322845459
54,0,2.193777084350586
54,1,2.4552361965179443
54,2,2.366607904434204
54,3,2.267594814300537
54,4,2.1376430988311768
54,5,2.2873287200927734
55,0,2.395075798034668
55,1,2.456451416015625
55,2,2.722597122192383
55,3,2.184297800064087
55,4,1.974051594734192
55,5,2.3377199172973633
56,0,2.3112590312957764
56,1,2.270085096359253
56,2,2.069920063018799
56,3,2.0756711959838867
56,4,2.387033462524414
56,5,2.503791332244873
57,0,2.36269474029541
57,1,2.182220697402954
57,2,2.1947433948516846
57,3,2.3865485191345215
57,4,2.371992588043213
57,5,2.3590266704559326
58,0,2.345092535018921
58,1,2.1707136631011963
58,2,2.1658878326416016
58,3,2.082242488861084
58,4,2.546323776245117
58,5,2.406167984008789
59,0,2.6547935009002686
59,1,2.2963171005249023
59,2,2.1909232139587402
59,3,2.22929048538208
59,4,2.2818145751953125
59,5,2.157957077026367
60,0,2.55808424949646
60,1,2.112344264984131
60,2,2.572157859802246
60,3,1.996739387512207
60,4,1.9415574073791504
60,5,2.1942784786224365
61,0,2.016418218612671
61,1,2.2091732025146484
61,2,2.4060676097869873
61,3,2.267190456390381
61,4,2.4745094776153564
61,5,2.1801209449768066
62,0,2.360405921936035
62,1,2.2071828842163086
62,2,2.4053359031677246
62,3,2.2908847332000732
62,4,1.951250672340393
62,5,2.1689085960388184
63,0,2.4234201908111572
63,1,2.2350199222564697
63,2,2.0680768489837646
63,3,2.117802858352661
63,4,2.552626132965088
63,5,2.4712226390838623
64,0,2.2413625717163086
64,1,2.4879863262176514
64,2,2.195986270904541
64,3,2.375295877456665
64,4,2.4794387817382812
64,5,2.0970888137817383
65,0,1.9314091205596924
65,1,2.365330219268799
65,2,2.351625680923462
65,3,2.487361431121826
65,4,2.450395107269287
65,5,2.3806474208831787
66,0,2.2414932250976562
66,1,2.481407880783081
66,2,2.1776926517486572
66,3,2.4498190879821777
66,4,2.1324462890625
66,5,1.9747108221054077
67,0,2.173511266708374
67,1,2.2895164489746094
67,2,2.2075257301330566
67,3,1.8691847324371338
67,4,2.4554951190948486
67,5,2.175544023513794
68,0,2.2598774433135986
68,1,2.3057668209075928
68,2,2.1666364669799805
68,3,2.201833963394165
68,4,2.110328197479248
68,5,2.479017972946167
69,0,2.1982312202453613
69,1,2.188793659210205
69,2,1.9703209400177002
69,3,2.394324541091919
69,4,2.321366310119629
69,5,2.433173179626465
70,0,2.2589569091796875
70,1,2.297574281692505
70,2,1.9897160530090332
70,3,2.0378522872924805
70,4,2.330436944961548
70,5,2.4106831550598145
71,0,2.0906221866607666
71,1,2.252688407897949
71,2,2.4854109287261963
71,3,2.060419797897339
71,4,2.2407498359680176
71,5,2.077636241912842
72,0,2.329848527908325
72,1,2.071369171142578
72,2,2.5072195529937744
72,3,2.2292027473449707
72,4,2.420348644256592
72,5,1.921018362045288
73,0,2.101691246032715
73,1,2.247830390930176
73,2,2.097506284713745
73,3,1.8367419242858887
73,4,2.5043768882751465
73,5,2.4980525970458984
74,0,2.019855260848999
74,1,1.9720540046691895
74,2,2.509796619415283
74,3,2.074971914291382
74,4,2.5044913291931152
74,5,2.3287436962127686
75,0,2.442075729370117
75,1,2.2547874450683594
75,2,2.1892261505126953
75,3,2.1978728771209717
75,4,2.3049683570861816
75,5,2.2536826133728027
76,0,2.0198514461517334
76,1,2.414867401123047
76,2,2.2811241149902344
76,3,2.2258942127227783
76,4,2.359677314758301
76,5,2.063169479370117
77,0,2.010939121246338
77,1,2.203960418701172
77,2,2.28409481048584
77,3,2.0954043865203857
77,4,2.173802375793457
77,5,2.4744458198547363
78,0,2.1864781379699707
78,1,2.2606565952301025
78,2,2.2987213134765625
78,3,2.195546865463257
78,4,2.2489943504333496
78,5,2.196709394454956
79,0,2.4789183139801025
79,1,2.019599437713623
79,2,2.099091053009033
79,3,2.308889389038086
79,4,2.2406165599823
79,5,2.1533875465393066
80,0,1.9794037342071533
80,1,2.3148891925811768
80,2,2.086919069290161
80,3,2.129110813140869
80,4,2.1363565921783447
80,5,2.4554712772369385
81,0,2.2470340728759766
81,1,2.1903433799743652
81,2,2.4622554779052734
81,3,2.5124008655548096
81,4,1.9421898126602173
81,5,2.3101179599761963
82,0,2.360862970352173
82,1,2.191788911819458
82,2,2.2889509201049805
82,3,2.4250895977020264
82,4,1.9178595542907715
82,5,2.3147661685943604
83,0,2.540719509124756
83,1,2.426511764526367
83,2,2.2611236572265625
83,3,1.9953149557113647
83,4,2.2835779190063477
83,5,1.7314884662628174
84,0,2.4696497917175293
84,1,1.9568564891815186
84,2,2.440958261489868
84,3,2.0509729385375977
84,4,2.172267436981201
84,5,2.0918474197387695
85,0,2.0719189643859863
85,1,2.1880738735198975
85,2,2.4208343029022217
85,3,2.472707986831665
85,4,2.1114535331726074
85,5,1.7944225072860718
86,0,2.313655376434326
86,1,2.088200569152832
86,2,2.165940046310425
86,3,2.0431630611419678
86,4,2.325146198272705
86,5,1.9524447917938232
87,0,2.2592461109161377
87,1,1.9550879001617432
87,2,2.354018211364746
87,3,2.2255029678344727
87,4,2.3622639179229736
87,5,2.1474733352661133
88,0,2.2353527545928955
88,1,1.9924001693725586
88,2,2.399667978286743
88,3,2.225928783416748
88,4,2.27254581451416
88,5,1.904379963874817
89,0,2.3070497512817383
89,1,2.3679182529449463
89,2,2.221968412399292
89,3,2.1715216636657715
89,4,2.4567689895629883
89,5,2.30265474319458
90,0,2.326641798019409
90,1,2.2459475994110107
90,2,2.0512349605560303
90,3,2.4251818656921387
90,4,2.6273746490478516
90,5,1.9363422393798828
91,0,2.2264461517333984
91,1,2.0810306072235107
91,2,2.223353147506714
91,3,2.2421634197235107
91,4,2.1797966957092285
91,5,2.0267927646636963
92,0,2.031525135040283
92,1,2.3212990760803223
92,2,2.189525604248047
92,3,2.1330366134643555
92,4,2.1457629203796387
92,5,2.4865596294403076
93,0,2.334345579147339
93,1,2.283811092376709
93,2,2.235414743423462
93,3,1.9785219430923462
93,4,2.315338134765625
93,5,1.986251950263977
94,0,2.141261577606201
94,1,2.2113726139068604
94,2,2.203397512435913
94,3,2.201943874359131
94,4,2.125875949859619
94,5,2.1118156909942627
95,0,2.27687406539917
95,1,2.0803263187408447
95,2,2.5506231784820557
95,3,2.1499035358428955
95,4,2.190807819366455
95,5,2.2081692218780518
96,0,2.684680223464966
96,1,2.3216989040374756
96,2,2.0201237201690674
96,3,2.089421033859253
96,4,2.296752691268921
96,5,1.804277777671814
97,0,2.5269341468811035
97,1,2.2409005165100098
97,2,2.095837354660034
97,3,1.9295097589492798
97,4,2.245959520339966
97,5,1.988176703453064
98,0,2.363583564758301
98,1,2.1459972858428955
98,2,2.3555610179901123
98,3,2.1193056106567383
98,4,2.055720090866089
98,5,2.0406253337860107
99,0,2.0837948322296143
99,1,2.357196569442749
99,2,2.3688621520996094
99,3,1.688482403755188
99,4,2.3343589305877686
99,5,1.8391891717910767
100,0,2.0986289978027344
100,1,2.0678884983062744
100,2,2.2706379890441895
100,3,2.1878440380096436
100,4,2.1972248554229736
100,5,1.9761427640914917
101,0,2.1862893104553223
101,1,1.9663465023040771
101,2,2.1892096996307373
101,3,1.952633261680603
101,4,1.8391215801239014
101,5,2.314927577972412
102,0,1.9840658903121948
102,1,2.1405017375946045
102,2,2.270068645477295
102,3,2.18766450881958
102,4,2.06382155418396
102,5,1.8673346042633057
103,0,2.0104472637176514
103,1,2.101280927658081
103,2,2.01446270942688
103,3,2.3881173133850098
103,4,2.1398653984069824
103,5,2.0564379692077637
104,0,2.6098804473876953
104,1,2.1285879611968994
104,2,2.0120491981506348
104,3,2.0187270641326904
104,4,2.2334420680999756
104,5,1.8185718059539795
105,0,2.5092568397521973
105,1,2.0562963485717773
105,2,1.9186701774597168
105,3,1.9189670085906982
105,4,2.21028995513916
105,5,2.099491834640503
106,0,2.1761627197265625
106,1,2.0381386280059814
106,2,1.799970269203186
106,3,1.954830288887024
106,4,2.00296950340271
106,5,2.233729839324951
107,0,2.0176498889923096
107,1,2.086068630218506
107,2,2.3159377574920654
107,3,2.1006555557250977
107,4,2.3073623180389404
107,5,1.7894608974456787
108,0,2.0295050144195557
108,1,2.4858527183532715
108,2,2.296142816543579
108,3,2.002103805541992
108,4,2.0552823543548584
108,5,2.1816012859344482
109,0,2.1163523197174072
109,1,1.9582163095474243
109,2,2.136941432952881
109,3,1.8185094594955444
109,4,2.425891160964966
109,5,2.1155617237091064
110,0,1.785485029220581
110,1,2.0936896800994873
110,2,2.0015389919281006
110,3,2.420555591583252
110,4,1.9487040042877197
110,5,2.4302051067352295
111,0,2.1935999393463135
111,1,2.416761875152588
111,2,1.6833388805389404
111,3,2.1831319332122803
111,4,2.4068403244018555
111,5,1.998311161994934
112,0,2.318253517150879
112,1,1.8580065965652466
112,2,2.187070608139038
112,3,2.0321879386901855
112,4,1.9748586416244507
112,5,2.5281383991241455
113,0,2.270732879638672
113,1,2.1673989295959473
113,2,1.8664648532867432
113,3,2.1685285568237305
113,4,1.9543577432632446
113,5,2.0313684940338135
114,0,2.1606125831604004
114,1,1.9352855682373047
114,2,2.365131378173828
114,3,2.19730281829834
114,4,1.9902188777923584
114,5,1.972216010093689
115,0,2.0759470462799072
115,1,1.9138097763061523
115,2,2.252692699432373
115,3,2.2659928798675537
115,4,1.944771409034729
115,5,2.000844955444336
116,0,2.1151485443115234
116,1,1.9496413469314575
116,2,1.8586291074752808
116,3,2.2457382678985596
116,4,2.0410873889923096
116,5,1.84702730178833
117,0,2.0992226600646973
117,1,1.737343430519104
117,2,1.739730954170227
117,3,1.9861204624176025
117,4,2.0311691761016846
117,5,2.279045820236206
118,0,1.7097651958465576
118,1,1.8810324668884277
118,2,2.719390630722046
118,3,2.072007417678833
118,4,2.030816078186035
118,5,1.890174150466919
119,0,2.0994434356689453
119,1,1.9387015104293823
119,2,1.9899460077285767
119,3,1.9336341619491577
119,4,2.2472779750823975
119,5,1.9817661046981812
120,0,2.1481058597564697
120,1,2.0712268352508545
120,2,1.9742709398269653
120,3,2.202941417694092
120,4,1.9477665424346924
120,5,2.105262517929077
121,0,2.1435906887054443
121,1,1.9965813159942627
121,2,1.8479222059249878
121,3,1.9389978647232056
121,4,2.2400949001312256
121,5,1.9647831916809082
122,0,1.5416827201843262
122,1,1.9110832214355469
122,2,1.9465727806091309
122,3,1.9369546175003052
122,4,2.228466749191284
122,5,2.1256825923919678
123,0,2.0710902214050293
123,1,1.9518163204193115
123,2,1.926318883895874
123,3,2.131826877593994
123,4,1.9262304306030273
123,5,2.03751277923584
124,0,1.8724037408828735
124,1,1.804978609085083
124,2,2.0870745182037354
124,3,2.0304465293884277
124,4,1.9781748056411743
124,5,2.05552339553833
125,0,1.6178289651870728
125,1,1.5989571809768677
125,2,1.8794529438018799
125,3,1.9295074939727783
125,4,2.3087704181671143
125,5,2.2888357639312744
126,0,1.966538429260254
126,1,1.8552348613739014
126,2,2.4298453330993652
126,3,1.9907844066619873
126,4,1.5517299175262451
126,5,2.5188729763031006
127,0,1.896914005279541
127,1,1.7189806699752808
127,2,1.72833251953125
127,3,2.237114191055298
127,4,2.0941901206970215
127,5,2.0248830318450928
128,0,1.8304165601730347
128,1,2.0108277797698975
128,2,2.169046401977539
128,3,2.0253489017486572
128,4,2.019700050354004
128,5,2.0647432804107666
129,0,1.9440048933029175
129,1,1.8684756755828857
129,2,2.3934972286224365
129,3,1.9150824546813965
129,4,2.0320546627044678
129,5,2.1527047157287598
130,0,1.7906461954116821
130,1,1.931179404258728
130,2,1.9799286127090454
130,3,2.203906536102295
130,4,1.8313101530075073
130,5,2.1619317531585693
131,0,1.9739789962768555
131,1,1.9529361724853516
131,2,1.831268548965454
131,3,2.1885111331939697
131,4,1.8083221912384033
131,5,1.8700177669525146
132,0,1.9150115251541138
132,1,1.7909364700317383
132,2,2.133065700531006
132,3,1.7905915975570679
132,4,1.7681609392166138
132,5,2.11478590965271
133,0,1.6982061862945557
133,1,2.1192400455474854
133,2,2.0698211193084717
133,3,2.030092239379883
133,4,1.9796767234802246
133,5,1.9632271528244019
134,0,1.9166290760040283
134,1,1.869802474975586
134,2,1.7811224460601807
134,3,1.9280939102172852
134,4,2.0792598724365234
134,5,1.9228787422180176
135,0,1.947444200515747
135,1,2.075108528137207
135,2,1.8609416484832764
135,3,2.2366394996643066
135,4,2.2677390575408936
135,5,1.8513696193695068
136,0,1.8421251773834229
136,1,2.0623815059661865
136,2,1.754412293434143
136,3,1.725363850593567
136,4,1.894309639930725
136,5,2.0696635246276855
137,0,1.888401746749878
137,1,2.08516526222229
137,2,2.012740135192871
137,3,1.690751075744629
137,4,2.1081814765930176
137,5,1.9821780920028687
138,0,1.8925238847732544
138,1,1.7483463287353516
138,2,1.6153483390808105
138,3,2.0527026653289795
138,4,1.8172800540924072
138,5,2.1488921642303467
139,0,1.8630555868148804
139,1,1.8493092060089111
139,2,1.759623408317566
139,3,2.064340114593506
139,4,2.0123159885406494
139,5,2.182860851287842
140,0,2.0257463455200195
140,1,1.5935614109039307
140,2,2.2349462509155273
140,3,2.10187029838562
140,4,1.841675043106079
140,5,2.1689891815185547
141,0,2.0362813472747803
141,1,1.7344454526901245
141,2,1.8375331163406372
141,3,1.7523736953735352
141,4,1.8777586221694946
141,5,1.605467677116394
142,0,1.9333820343017578
142,1,1.4639058113098145
142,2,2.1638128757476807
142,3,1.9171472787857056
142,4,1.794337511062622
142,5,1.9990508556365967
143,0,1.8357694149017334
143,1,1.884365439414978
143,2,2.0338568687438965
143,3,1.891045331954956
143,4,1.7341362237930298
143,5,1.9769541025161743
144,0,1.757326364517212
144,1,1.9688079357147217
144,2,1.7864712476730347
144,3,1.5236904621124268
144,4,1.968154788017273
144,5,1.765154242515564
145,0,1.8747020959854126
145,1,2.0477774143218994
145,2,1.85914945602417
145,3,1.7138794660568237
145,4,1.6582601070404053
145,5,2.025357246398926
146,0,1.650261402130127
146,1,1.5615233182907104
146,2,1.6417186260223389
146,3,1.9206318855285645
146,4,1.8706223964691162
146,5,1.8997671604156494
147,0,1.6140124797821045
147,1,1.6114146709442139
147,2,1.9504810571670532
147,3,2.1595194339752197
147,4,2.0079455375671387
147,5,1.8201535940170288
148,0,2.0624451637268066
148,1,1.8101539611816406
148,2,1.6631511449813843
148,3,1.8985121250152588
148,4,1.7100119590759277
148,5,1.7381703853607178
149,0,1.805289626121521
149,1,2.1810591220855713
149,2,1.9138569831848145
149,3,1.7668228149414062
149,4,1.6974470615386963
149,5,1.9905343055725098
150,0,1.6204032897949219
150,1,1.9705896377563477
150,2,1.7399017810821533
150,3,1.741523265838623
150,4,1.7920951843261719
150,5,1.6431007385253906
151,0,2.150186538696289
151,1,1.9425740242004395
151,2,1.6196178197860718
151,3,1.5610878467559814
151,4,1.5737899541854858
151,5,2.251854181289673
152,0,1.7285616397857666
152,1,1.8312323093414307
152,2,1.5834836959838867
152,3,1.9566996097564697
152,4,1.8979958295822144
152,5,1.641369342803955
153,0,2.048426866531372
153,1,1.6930522918701172
153,2,1.5909748077392578
153,3,1.6426901817321777
153,4,2.0973570346832275
153,5,1.4161255359649658
154,0,1.7795031070709229
154,1,1.722691535949707
154,2,1.5742404460906982
154,3,1.7877473831176758
154,4,1.7675492763519287
154,5,1.5717642307281494
155,0,1.422563910484314
155,1,1.3941370248794556
155,2,1.730144739151001
155,3,2.0155553817749023
155,4,1.7823593616485596
155,5,1.7977241277694702
156,0,1.5936219692230225
156,1,1.466866374015808
156,2,1.890520691871643
156,3,1.7494759559631348
156,4,1.6946974992752075
156,5,1.6873095035552979
157,0,1.4974676370620728
157,1,2.0761027336120605
157,2,1.705101728439331
157,3,1.4725319147109985
157,4,1.5207293033599854
157,5,1.6963151693344116
158,0,1.6578538417816162
158,1,1.5591155290603638
158,2,1.6210390329360962
158,3,1.5998220443725586
158,4,1.8038280010223389
158,5,1.6621782779693604
159,0,1.4847818613052368
159,1,1.5271698236465454
159,2,1.4337363243103027
159,3,1.4246443510055542
159,4,1.4245237112045288
159,5,1.7573801279067993
160,0,1.6877923011779785
160,1,1.716951847076416
160,2,1.4532558917999268
160,3,1.5162603855133057
160,4,1.580173134803772
160,5,1.6716567277908325
161,0,1.809251070022583
161,1,1.408365249633789
161,2,1.3651840686798096
161,3,1.20242440700531
161,4,1.594118356704712
161,5,1.724216341972351
162,0,1.3773531913757324
162,1,1.5521098375320435
162,2,1.614539623260498
162,3,0.9712991714477539
162,4,1.500606894493103
162,5,1.6466611623764038
163,0,1.3463214635849
163,1,1.397059679031372
163,2,1.534379243850708
163,3,1.5362437963485718
163,4,1.206881046295166
163,5,1.4519381523132324
164,0,1.2551203966140747
164,1,1.3260266780853271
164,2,1.2626923322677612
164,3,1.2837852239608765
164,4,1.4418704509735107
164,5,0.9813621044158936
165,0,1.2048001289367676
165,1,1.4948722124099731
165,2,1.137506365776062
165,3,1.5774757862091064
165,4,1.1065937280654907
165,5,1.274641752243042
166,0,1.4015122652053833
166,1,1.0942984819412231
166,2,1.1957300901412964
166,3,1.121776819229126
166,4,1.0023804903030396
166,5,1.3483097553253174
167,0,1.0621490478515625
167,1,1.0907357931137085
167,2,0.9269335269927979
167,3,1.4712330102920532
167,4,1.3498080968856812
167,5,0.7959935665130615
168,0,1.2835016250610352
168,1,0.8897104263305664
168,2,0.7222740650177002
168,3,1.4384257793426514
168,4,1.3530948162078857
168,5,0.9512844085693359
169,0,1.1024024486541748
169,1,0.891106128692627
169,2,0.9245591163635254
169,3,1.1086525917053223
169,4,1.1112169027328491
169,5,1.0591766834259033
170,0,0.9848067760467529
170,1,0.9365274906158447
170,2,0.9976847171783447
170,3,1.3365885019302368
170,4,0.664247989654541
170,5,1.1204900741577148
171,0,1.0065088272094727
171,1,0.8825283050537109
171,2,0.9327473640441895
171,3,1.0341060161590576
171,4,0.8433957099914551
171,5,0.7305622100830078
172,0,0.7768983840942383
172,1,0.9417088031768799
172,2,0.8602147102355957
172,3,0.8702752590179443
172,4,0.8374450206756592
172,5,1.4003256559371948
173,0,1.4738588333129883
173,1,0.8319675922393799
173,2,0.5322403907775879
173,3,0.6710870265960693
173,4,0.5982506275177002
173,5,0.9344151020050049
174,0,0.7043073177337646
174,1,0.6279990673065186
174,2,0.8296413421630859
174,3,0.9325740337371826
174,4,0.7536239624023438
174,5,0.7764401435852051
175,0,0.8629894256591797
175,1,0.49819111824035645
175,2,0.5903739929199219
175,3,0.6611249446868896
175,4,0.6767857074737549
175,5,0.9757936000823975
176,0,0.7710208892822266
176,1,0.7512688636779785
176,2,0.5375778675079346
176,3,0.8198184967041016
176,4,0.6098895072937012
176,5,0.5360991954803467
177,0,0.6331641674041748
177,1,0.5254616737365723
177,2,0.6356573104858398
177,3,0.5112695693969727
177,4,0.6750962734222412
177,5,0.38614344596862793
178,0,0.493025541305542
178,1,0.3579740524291992
178,2,0.34224462509155273
178,3,0.3775508403778076
178,4,0.3217906951904297
178,5,0.29878759384155273
179,0,0.46629953384399414
179,1,0.33388352394104004
179,2,0.5445253849029541
179,3,0.33229494094848633
179,4,0.5366532802581787
179,5,1.0870814323425293
180,0,0.8515942096710205
180,1,0.11543416976928711
180,2,0.564314603805542
180,3,0.3741915225982666
180,4,0.4987521171569824
180,5,0.4077599048614502
181,0,0.5351886749267578
181,1,0.12618207931518555
181,2,0.1647801399230957
181,3,0.2159414291381836
181,4,0.06530880928039551
181,5,0.2440807819366455
182,0,0.2887423038482666
182,1,0.4287540912628174
182,2,0.2587459087371826
182,3,0.059375762939453125
182,4,-0.19130992889404297
182,5,0.15031909942626953
183,0,-0.07580757141113281
183,1,0.22609186172485352
183,2,0.5488994121551514
183,3,0.5035312175750732
183,4,0.29497385025024414
183,5,0.1095280647277832
184,0,-0.16845083236694336
184,1,0.7517082691192627
184,2,0.3958096504211426
184,3,0.17615318298339844
184,4,-0.14898967742919922
184,5,-0.26187849044799805
185,0,0.6511518955230713
185,1,0.5380351543426514
185,2,0.09236621856689453
185,3,-0.1172022819519043
185,4,0.16192102432250977
185,5,0.29018640518188477
186,0,0.08220577239990234
186,1,-0.048069000244140625
186,2,0.06092023849487305
186,3,0.11009502410888672
186,4,-0.009737491607666016
186,5,-0.36733388900756836
187,0,0.56060791015625
187,1,0.594196081161499
187,2,-0.27482032775878906
187,3,0.17638206481933594
187,4,0.15290117263793945
187,5,0.1094369888305664
188,0,0.2328939437866211
188,1,0.035006046295166016
188,2,-0.13260316848754883
188,3,0.041153907775878906
188,4,-0.2774825096130371
188,5,-0.18861818313598633
189,0,-0.3218717575073242
189,1,-0.06469297409057617
189,2,-0.34131956100463867
189,3,-0.3029041290283203
189,4,-0.20311784744262695
189,5,-0.31235694885253906
190,0,-0.030008792877197266
190,1,-0.2563362121582031
190,2,-0.4072113037109375
190,3,-0.26871728897094727
190,4,-0.07217168807983398
190,5,-0.41782331466674805
191,0,-0.39787769317626953
191,1,-0.11930704116821289
191,2,-0.338284969329834
191,3,-0.08623743057250977
191,4,-0.020476341247558594
191,5,-0.5356354713439941
192,0,-0.004622936248779297
192,1,0.36966705322265625
192,2,0.10755729675292969
192,3,-0.6274075508117676
192,4,-0.14584732055664062
192,5,-0.4055485725402832
193,0,-0.27109575271606445
193,1,-0.17957830429077148
193,2,-0.12595272064208984
193,3,-0.7742753028869629
193,4,-0.18963098526000977
193,5,-0.7548794746398926
194,0,-0.11385154724121094
194,1,-0.48189640045166016
194,2,-0.5700640678405762
194,3,-0.24577713012695312
194,4,-0.40994834899902344
194,5,-0.7183685302734375
195,0,-0.4975428581237793
195,1,-0.8310756683349609
195,2,-0.2474222183227539
195,3,-0.1343240737915039
195,4,-0.2811441421508789
195,5,-0.6596641540527344
196,0,-0.651397705078125
196,1,-0.6188502311706543
196,2,-0.42429399490356445
196,3,-0.695622444152832
196,4,-0.36156749725341797
196,5,-0.4658522605895996
197,0,-0.6046895980834961
197,1,-0.8466463088989258
197,2,-0.6366591453552246
197,3,-0.7758216857910156
197,4,-0.7634854316711426
197,5,-0.9123430252075195
198,0,-0.48296117782592773
198,1,-0.6019110679626465
198,2,-1.0970311164855957
198,3,-0.9245820045471191
198,4,-0.8432350158691406
198,5,-0.7444329261779785
199,0,-0.49542236328125
199,1,-0.3032851219177246
199,2,0.5255460739135742
199,3,0.4731564521789551
199,4,-0.28810691833496094
199,5,-0.7690091133117676
200,0,0.4044480323791504
200,1,-0.7062244415283203
200,2,-0.2010965347290039
200,3,-0.5918636322021484
200,4,-0.7227811813354492
200,5,-0.8138375282287598
201,0,-0.46271181106567383
201,1,-0.7913522720336914
201,2,-0.7175254821777344
201,3,-0.8292121887207031
201,4,-0.7882513999938965
201,5,-0.5009317398071289
202,0,-0.9400696754455566
202,1,-0.7190260887145996
202,2,-0.8395233154296875
202,3,-0.5804233551025391
202,4,-1.219254970550537
202,5,-0.7093396186828613
203,0,-0.9883956909179688
203,1,-0.9400339126586914
203,2,-0.9567170143127441
203,3,-0.8784151077270508
203,4,-1.263197898864746
203,5,-1.1517958641052246
204,0,-1.1450681686401367
204,1,-1.1201543807983398
204,2,-0.9887981414794922
204,3,-0.9375400543212891
204,4,-0.9243578910827637
204,5,-1.1954808235168457
205,0,-1.2057247161865234
205,1,-1.4700164794921875
205,2,-1.0560908317565918
205,3,-1.0733046531677246
205,4,-1.036067008972168
205,5,-1.2034220695495605
206,0,-1.383981704711914
206,1,-1.1380138397216797
206,2,-0.7898001670837402
206,3,-0.08104705810546875
206,4,-1.0162711143493652
206,5,-0.5077409744262695
207,0,-1.1895604133605957
207,1,-1.3746256828308105
207,2,-0.9347114562988281
207,3,-1.3475499153137207
207,4,-1.1738243103027344
207,5,-1.083439826965332
208,0,-1.0833396911621094
208,1,-1.3481369018554688
208,2,-1.2990145683288574
208,3,-1.503342628479004
208,4,-1.135338306427002
208,5,-1.0648612976074219
209,0,-1.1934218406677246
209,1,-1.4902534484863281
209,2,-1.2692279815673828
209,3,-1.156517505645752
209,4,-1.2076878547668457
209,5,-1.2364587783813477
210,0,-1.0667338371276855
210,1,-1.4080142974853516
210,2,-1.6900949478149414
210,3,-1.5070557594299316
210,4,-1.639066219329834
210,5,-1.2082362174987793
211,0,-1.5993084907531738
211,1,-1.618278980255127
211,2,-1.4020557403564453
211,3,-1.406672477722168
211,4,-1.5177040100097656
211,5,-1.3282098770141602
212,0,-1.1906580924987793
212,1,-1.5945167541503906
212,2,-1.484818935394287
212,3,-1.0627470016479492
212,4,-0.6991863250732422
212,5,-1.6569504737854004
213,0,-1.6348152160644531
213,1,-0.6576762199401855
213,2,-1.2888503074645996
213,3,-1.6324353218078613
213,4,-1.2270598411560059
213,5,-1.13631010055542
214,0,-1.9684362411499023
214,1,-1.363957405090332
214,2,-1.6303935050964355
214,3,-1.2262015342712402
214,4,-1.8688359260559082
214,5,-1.7409381866455078
215,0,-1.3690204620361328
215,1,-1.5009021759033203
215,2,-1.7128138542175293
215,3,-1.0713982582092285
215,4,-1.4380078315734863
215,5,-1.7562289237976074
216,0,-1.3019800186157227
216,1,-1.0791311264038086
216,2,-1.9770236015319824
216,3,-1.613570213317871
216,4,-1.3365073204040527
216,5,-1.4464855194091797
217,0,-1.7299742698669434
217,1,-2.008976459503174
217,2,-1.4851107597351074
217,3,-1.807180404663086
217,4,-1.561901569366455
217,5,-1.0056324005126953
218,0,-1.2413549423217773
218,1,-2.0579652786254883
218,2,-1.6276769638061523
218,3,-1.8323936462402344
218,4,-1.4637951850891113
218,5,-1.7480354309082031
219,0,-2.1023268699645996
219,1,-1.697890281677246
219,2,-1.5910701751708984
219,3,-1.4992151260375977
219,4,-0.3621954917907715
219,5,-0.829071044921875
220,0,-1.400975227355957
220,1,-1.8382925987243652
220,2,-1.4256110191345215
220,3,-1.5552034378051758
220,4,-1.6054348945617676
220,5,-1.5041418075561523
221,0,-1.7719206809997559
221,1,-1.9425973892211914
221,2,-2.0082035064697266
221,3,-2.01163911819458
221,4,-1.780357837677002
221,5,-1.8499565124511719
222,0,-2.007857322692871
222,1,-2.1721205711364746
222,2,-1.9660429954528809
222,3,-1.7004790306091309
222,4,-2.0881690979003906
222,5,-1.86973237991333
223,0,-1.868088722229004
223,1,-2.1396031379699707
223,2,-1.844963550567627
223,3,-2.086266040802002
223,4,-2.0114731788635254
223,5,-2.1140661239624023
224,0,-1.974508285522461
224,1,-2.343557357788086
224,2,-2.4128971099853516
224,3,-2.030211925506592
224,4,-1.1396589279174805
224,5,-1.6715331077575684
225,0,-2.0446724891662598
225,1,-2.1760196685791016
225,2,-1.6615862846374512
225,3,-2.160964012145996
225,4,-2.043699264526367
225,5,-1.638394832611084
226,0,-1.983583927154541
226,1,-2.467257022857666
226,2,-1.4929356575012207
226,3,-0.7486391067504883
226,4,0.18894290924072266
226,5,0.24210071563720703
227,0,-1.9686317443847656
227,1,-0.9632625579833984
227,2,-1.88554048538208
227,3,-1.7137093544006348
227,4,-1.4022564888000488
227,5,-1.4189858436584473
228,0,-1.4061594009399414
228,1,-1.4360990524291992
228,2,-1.8251466751098633
228,3,-1.324394702911377
228,4,-1.5203561782836914
228,5,-1.6844854354858398
229,0,-1.5302400588989258
229,1,-1.8717474937438965
229,2,-1.8223876953125
229,3,-1.2809338569641113
229,4,-1.7206034660339355
229,5,-2.314055919647217
230,0,-2.007171630859375
230,1,-2.2163381576538086
230,2,-1.8436403274536133
230,3,-2.012357711791992
230,4,-1.9779348373413086
230,5,-1.735733985900879
231,0,-2.0832290649414062
231,1,-2.209744453430176
231,2,-2.2466611862182617
231,3,-2.1801629066467285
231,4,-1.9579548835754395
231,5,-2.28427791595459
232,0,-1.8239030838012695
232,1,-2.0292134284973145
232,2,-2.3448734283447266
232,3,-2.041184425354004
232,4,-2.0722546577453613
232,5,-2.439906120300293
233,0,-2.386444568634033
233,1,-2.489471912384033
233,2,-2.0896167755126953
233,3,-2.203746795654297
233,4,-2.429253101348877
233,5,-2.2477049827575684
234,0,-2.3995327949523926
234,1,-2.2318320274353027
234,2,-2.2687931060791016
234,3,-2.699920654296875
234,4,-2.515471935272217
234,5,-2.253732204437256
235,0,-1.2146525382995605
235,1,-0.30588245391845703
235,2,-1.0185179710388184
235,3,-2.0742430686950684
235,4,-1.2268919944763184
235,5,-1.6330556869506836
236,0,-0.38623952865600586
236,1,-1.6706042289733887
236,2,-2.0640053749084473
236,3,-1.418898105621338
236,4,-1.751047134399414
236,5,-1.5152068138122559
237,0,-1.8975863456726074
237,1,-2.10782527923584
237,2,-1.7960243225097656
237,3,-2.184216022491455
237,4,-1.6951184272766113
237,5,-1.6699743270874023
238,0,-2.1227779388427734
238,1,-1.960282802581787
238,2,-2.2138290405273438
238,3,-2.158745288848877
238,4,-2.1631274223327637
238,5,-2.273167610168457
239,0,-2.044215202331543
239,1,-2.3117599487304688
239,2,-2.1373581886291504
239,3,-2.5048437118530273
239,4,-2.648193836212158
239,5,-2.216197967529297
240,0,-2.0737762451171875
240,1,-2.4666805267333984
240,2,-2.2895774841308594
240,3,-1.908719539642334
240,4,-2.602588176727295
240,5,-1.7944846153259277
241,0,-2.7715210914611816
241,1,-2.1910953521728516
241,2,-2.382962703704834
241,3,-2.340102195739746
241,4,-2.510748863220215
241,5,-2.493429660797119
242,0,-2.240433692932129
242,1,-2.5587873458862305
242,2,-2.0702385902404785
242,3,-2.333584785461426
242,4,-2.4298319816589355
242,5,-2.723356246948242
243,0,-2.4241132736206055
243,1,-2.703481674194336
243,2,-2.441938877105713
243,3,-2.5261411666870117
243,4,-2.7821450233459473
243,5,-2.7933974266052246
244,0,-2.0648813247680664
244,1,-1.8364644050598145
244,2,-2.1270437240600586
244,3,-2.673186779022217
244,4,-2.513603687286377
244,5,-2.782332420349121
245,0,-2.6746931076049805
245,1,-2.689748764038086
245,2,-2.609405040740967
245,3,-2.70359468460083
245,4,-2.6548891067504883
245,5,-2.6042165756225586
246,0,-2.6475110054016113
246,1,-2.9063706398010254
246,2,-3.074958324432373
246,3,-2.86781644821167
246,4,-2.396669387817383
246,5,-2.746316432952881
247,0,-2.0255937576293945
247,1,-1.4771747589111328
247,2,-0.011882305145263672
247,3,-0.42167091369628906
247,4,-2.348076343536377
247,5,-1.3515291213989258
248,0,-2.207770347595215
248,1,-1.654026985168457
248,2,-2.3315510749816895
248,3,-2.3339924812316895
248,4,-1.8344426155090332
248,5,-2.1789088249206543
249,0,-1.5551362037658691
249,1,-1.888275146484375
249,2,-1.9553141593933105
249,3,-2.160858154296875
249,4,-2.7488174438476562
249,5,-2.3322200775146484
250,0,-2.420227527618408
250,1,-2.429867744445801
250,2,-2.4626097679138184
250,3,-2.3324942588806152
250,4,-2.3370747566223145
250,5,-2.8746724128723145
251,0,-2.639946937561035
251,1,-2.46842622756958
251,2,-2.4801831245422363
251,3,-2.9310741424560547
251,4,-2.5843586921691895
251,5,-2.8297290802001953
252,0,-2.316345691680908
252,1,-2.936868190765381
252,2,-2.569835662841797
252,3,-2.635924816131592
252,4,-3.009650707244873
252,5,-2.766066551208496
253,0,-2.588677406311035
253,1,-2.736349582672119
253,2,-2.6900076866149902
253,3,-2.9307775497436523
253,4,-2.980013370513916
253,5,-1.9631900787353516
254,0,-0.49225378036499023
254,1,0.9252862930297852
254,2,-2.161330223083496
254,3,-0.8260369300842285
254,4,-2.3058438301086426
254,5,-1.16229248046875
255,0,-1.7797932624816895
255,1,-2.301931858062744
255,2,-1.478520393371582
255,3,-1.5943303108215332
255,4,-1.9379124641418457
255,5,-1.9491500854492188
256,0,-1.843451976776123
256,1,-1.8078422546386719
256,2,-2.2490291595458984
256,3,-2.1151771545410156
256,4,-1.8179259300231934
256,5,-2.398329257965088
257,0,-2.051206588745117
257,1,-1.4623908996582031
257,2,-2.2884178161621094
257,3,-2.342639923095703
257,4,-2.031038284301758
257,5,-2.457700729370117
258,0,-2.367537498474121
258,1,-2.626018524169922
258,2,-2.4622983932495117
258,3,-2.355377197265625
258,4,-2.6919002532958984
258,5,-2.7392687797546387
259,0,-2.685988426208496
259,1,-2.464104652404785
259,2,-2.408022880554199
259,3,-2.399712562561035
259,4,-2.5562424659729004
259,5,-2.8904080390930176
260,0,-2.599093437194824
260,1,-2.8571410179138184
260,2,-2.5572314262390137
260,3,-2.7026543617248535
260,4,-2.3699254989624023
260,5,-2.5738186836242676
261,0,-2.511023998260498
261,1,-2.38698148727417
261,2,-2.79836368560791
261,3,-2.615133285522461
261,4,-2.790220260620117
261,5,-2.7930078506469727
262,0,-2.8246636390686035
262,1,-2.8968663215637207
262,2,-2.8372979164123535
262,3,-2.9096522331237793
262,4,-2.7597756385803223
262,5,-3.1604156494140625
263,0,-2.6242895126342773
263,1,-3.025184154510498
263,2,-3.0129003524780273
263,3,-2.918919086456299
263,4,-3.396979808807373
263,5,-2.93745756149292
264,0,-3.0466365814208984
264,1,-3.4201130867004395
264,2,-3.151458740234375
264,3,-2.6333045959472656
264,4,-3.0208206176757812
264,5,-2.583345413208008
265,0,-2.469076633453369
265,1,-2.685497283935547
265,2,-3.2187881469726562
265,3,-2.827043056488037
265,4,-2.2977805137634277
265,5,-3.006855010986328
266,0,-2.2242183685302734
266,1,-2.482274055480957
266,2,-2.924133777618408
266,3,-2.7348504066467285
266,4,-3.0637388229370117
266,5,-2.707080841064453
267,0,-2.984475612640381
267,1,-2.8685975074768066
267,2,-2.7841033935546875
267,3,-3.2668404579162598
267,4,-2.9139370918273926
267,5,-2.6458396911621094
268,0,-2.6146750450134277
268,1,-2.8093924522399902
268,2,-2.9813194274902344
268,3,-2.6683454513549805
268,4,-2.373088836669922
268,5,-2.4398393630981445
269,0,-2.85886812210083
269,1,-2.949699878692627
269,2,-2.638833999633789
269,3,-3.0781688690185547
269,4,-2.4015350341796875
269,5,-2.8702635765075684
270,0,-2.7752718925476074
270,1,-2.7854628562927246
270,2,-2.7810802459716797
270,3,-2.7066640853881836
270,4,-2.8830270767211914
270,5,-2.83758544921875
271,0,-2.8284244537353516
271,1,-2.8067970275878906
271,2,-2.664245128631592
271,3,-2.934748649597168
271,4,-2.948941707611084
271,5,-3.08209228515625
272,0,-3.238339424133301
272,1,-2.912112236022949
272,2,-2.8279528617858887
272,3,-3.017688751220703
272,4,-2.831153392791748
272,5,-2.9289841651916504
273,0,-2.990912914276123
273,1,-3.058703899383545
273,2,-3.1808180809020996
273,3,-2.590806484222412
273,4,-2.83188533782959
273,5,-3.70717716217041
274,0,-3.2183303833007812
274,1,-3.151510238647461
274,2,-3.3300514221191406
274,3,-2.7972159385681152
274,4,-3.081831932067871
274,5,-3.241910934448242
275,0,-3.4321465492248535
275,1,-3.1893367767333984
275,2,-3.325827121734619
275,3,-3.2105398178100586
275,4,-3.102889060974121
275,5,-2.723568916320801
276,0,-2.9153871536254883
276,1,-3.3481273651123047
276,2,-3.3747806549072266
276,3,-2.1884279251098633
276,4,-2.2740488052368164
276,5,-2.6942672729492188
277,0,-3.074350357055664
277,1,-2.734708786010742
277,2,-3.105360507965088
277,3,-2.770906925201416
277,4,-2.9910221099853516
277,5,-2.7397475242614746
278,0,-2.689009666442871
278,1,-2.6832222938537598
278,2,-3.223262310028076
278,3,-2.948441505432129
278,4,-3.0962843894958496
278,5,-2.6191911697387695
279,0,-2.742793560028076
279,1,-2.955681324005127
279,2,-2.895186424255371
279,3,-2.883601665496826
279,4,-3.4995360374450684
279,5,-3.0783028602600098
280,0,-2.9088196754455566
280,1,-3.1463451385498047
280,2,-3.0491113662719727
280,3,-2.9472522735595703
280,4,-2.680845260620117
280,5,-3.448448657989502
281,0,-2.9937548637390137
281,1,-3.1429238319396973
281,2,-3.1732711791992188
281,3,-3.1257882118225098
281,4,-2.988584518432617
281,5,-3.1832051277160645
282,0,-3.012141704559326
282,1,-3.425658702850342
282,2,-3.2901811599731445
282,3,-3.1448779106140137
282,4,-3.1243762969970703
282,5,-3.120077133178711
283,0,-3.274293899536133
283,1,-2.9855856895446777
283,2,-2.5984487533569336
283,3,-2.864548683166504
283,4,-3.1685433387756348
283,5,-3.012936592102051
284,0,-3.5200014114379883
284,1,-2.7138595581054688
284,2,-2.4681105613708496
284,3,-3.1263813972473145
284,4,-2.8812098503112793
284,5,-2.565842628479004
285,0,-3.379063606262207
285,1,-3.011880397796631
285,2,-3.45501708984375
285,3,-2.817094326019287
285,4,-3.040898323059082
285,5,-3.5689501762390137
286,0,-3.2329177856445312
286,1,-3.323908805847168
286,2,-3.098715305328369
286,3,-3.317251205444336
286,4,-3.142960548400879
286,5,-3.3093485832214355
287,0,-3.344618320465088
287,1,-3.4541497230529785
287,2,-2.91147518157959
287,3,-3.1270389556884766
287,4,-3.612114429473877
287,5,-2.930474281311035
288,0,-2.6762170791625977
288,1,-2.499105453491211
288,2,-2.431443214416504
288,3,-3.4911537170410156
288,4,-2.945951461791992
288,5,-3.3568763732910156
289,0,-3.0518407821655273
289,1,-2.7306690216064453
289,2,-3.4123430252075195
289,3,-2.898773193359375
289,4,-3.4806456565856934
289,5,-3.4177088737487793
290,0,-2.993443012237549
290,1,-3.452662944793701
290,2,-3.9002652168273926
290,3,-3.090582847595215
290,4,-3.143876552581787
290,5,-3.1467156410217285
291,0,-3.2353105545043945
291,1,-2.839749336242676
291,2,-3.06331205368042
291,3,-3.569283962249756
291,4,-3.595221519470215
291,5,-3.5406808853149414
292,0,-3.6706056594848633
292,1,-3.590269088745117
292,2,-3.3578901290893555
292,3,-3.221904754638672
292,4,-3.1950902938842773
292,5,-3.3742599487304688
293,0,-3.2408828735351562
293,1,-3.4295902252197266
293,2,-3.7065505981445312
293,3,-3.537350654602051
293,4,-2.891754150390625
293,5,-2.0368871688842773
294,0,-0.17318344116210938
294,1,-1.1844863891601562
294,2,-3.132412910461426
294,3,-2.51479434967041
294,4,-2.465517997741699
294,5,-2.4589052200317383
295,0,-2.2917041778564453
295,1,-2.8984546661376953
295,2,-2.6778364181518555
295,3,-2.313589096069336
295,4,-2.676088333129883
295,5,-2.850472927093506
296,0,-2.922800064086914
296,1,-2.3646368980407715
296,2,-2.5888471603393555
296,3,-2.8327693939208984
296,4,-2.701117515563965
296,5,-2.7641043663024902
297,0,-3.2404065132141113
297,1,-2.8479652404785156
297,2,-2.5953545570373535
297,3,-3.3022351264953613
297,4,-3.1875686645507812
297,5,-2.5063180923461914
298,0,-2.9779582023620605
298,1,-3.344419479370117
298,2,-2.7776565551757812
298,3,-3.0756959915161133
298,4,-3.2847213745117188
298,5,-2.6399435997009277
299,0,-3.1006150245666504
299,1,-2.8437228202819824
299,2,-3.2312350273132324
299,3,-3.402647018432617
299,4,-3.3250818252563477
299,5,-3.326221466064453
